{
    "name": "root",
    "gauges": {
        "AgainstPlayer.Policy.Entropy.mean": {
            "value": 0.03496325761079788,
            "min": 0.03333312273025513,
            "max": 0.0866246446967125,
            "count": 124
        },
        "AgainstPlayer.Policy.Entropy.sum": {
            "value": 366.974365234375,
            "min": 301.2229309082031,
            "max": 914.13916015625,
            "count": 124
        },
        "AgainstPlayer.Step.mean": {
            "value": 1239936.0,
            "min": 9984.0,
            "max": 1239936.0,
            "count": 124
        },
        "AgainstPlayer.Step.sum": {
            "value": 1239936.0,
            "min": 9984.0,
            "max": 1239936.0,
            "count": 124
        },
        "AgainstPlayer.Policy.ExtrinsicValueEstimate.mean": {
            "value": 0.8533554077148438,
            "min": -0.21267308294773102,
            "max": 0.8878787755966187,
            "count": 124
        },
        "AgainstPlayer.Policy.ExtrinsicValueEstimate.sum": {
            "value": 78.50869750976562,
            "min": -22.543346405029297,
            "max": 92.5194091796875,
            "count": 124
        },
        "AgainstPlayer.Environment.EpisodeLength.mean": {
            "value": 399.0,
            "min": 399.0,
            "max": 399.0,
            "count": 124
        },
        "AgainstPlayer.Environment.EpisodeLength.sum": {
            "value": 6384.0,
            "min": 6384.0,
            "max": 12768.0,
            "count": 124
        },
        "AgainstPlayer.Environment.CumulativeReward.mean": {
            "value": 3.14354911679402,
            "min": 3.14354911679402,
            "max": 4.05408197385259,
            "count": 124
        },
        "AgainstPlayer.Environment.CumulativeReward.sum": {
            "value": 50.29678586870432,
            "min": 50.29678586870432,
            "max": 119.15247425064445,
            "count": 124
        },
        "AgainstPlayer.Policy.ExtrinsicReward.mean": {
            "value": 3.14354911679402,
            "min": 3.14354911679402,
            "max": 4.05408197385259,
            "count": 124
        },
        "AgainstPlayer.Policy.ExtrinsicReward.sum": {
            "value": 50.29678586870432,
            "min": 50.29678586870432,
            "max": 119.15247425064445,
            "count": 124
        },
        "AgainstPlayer.IsTraining.mean": {
            "value": 1.0,
            "min": 1.0,
            "max": 1.0,
            "count": 124
        },
        "AgainstPlayer.IsTraining.sum": {
            "value": 1.0,
            "min": 1.0,
            "max": 1.0,
            "count": 124
        },
        "AgainstPlayer.Losses.PolicyLoss.mean": {
            "value": 0.014707434674104054,
            "min": 0.012561690256310007,
            "max": 0.022801942642157277,
            "count": 58
        },
        "AgainstPlayer.Losses.PolicyLoss.sum": {
            "value": 0.014707434674104054,
            "min": 0.012561690256310007,
            "max": 0.022801942642157277,
            "count": 58
        },
        "AgainstPlayer.Losses.ValueLoss.mean": {
            "value": 0.016000046829382577,
            "min": 0.015968516934663057,
            "max": 0.032347771090765795,
            "count": 58
        },
        "AgainstPlayer.Losses.ValueLoss.sum": {
            "value": 0.016000046829382577,
            "min": 0.015968516934663057,
            "max": 0.032347771090765795,
            "count": 58
        },
        "AgainstPlayer.Policy.LearningRate.mean": {
            "value": 0.00022576514474496005,
            "min": 0.00022576514474496005,
            "max": 0.0002987251204249599,
            "count": 58
        },
        "AgainstPlayer.Policy.LearningRate.sum": {
            "value": 0.00022576514474496005,
            "min": 0.00022576514474496005,
            "max": 0.0002987251204249599,
            "count": 58
        },
        "AgainstPlayer.Policy.Epsilon.mean": {
            "value": 0.17525503999999997,
            "min": 0.17525503999999997,
            "max": 0.19957504,
            "count": 58
        },
        "AgainstPlayer.Policy.Epsilon.sum": {
            "value": 0.17525503999999997,
            "min": 0.17525503999999997,
            "max": 0.19957504,
            "count": 58
        },
        "AgainstPlayer.Policy.Beta.mean": {
            "value": 0.0037652264960000006,
            "min": 0.0037652264960000006,
            "max": 0.0049787944960000005,
            "count": 58
        },
        "AgainstPlayer.Policy.Beta.sum": {
            "value": 0.0037652264960000006,
            "min": 0.0037652264960000006,
            "max": 0.0049787944960000005,
            "count": 58
        }
    },
    "metadata": {
        "timer_format_version": "0.1.0",
        "start_time_seconds": "1666859826",
        "python_version": "3.9.13 (main, Oct 13 2022, 21:23:06) [MSC v.1916 64 bit (AMD64)]",
        "command_line_arguments": "C:\\Users\\basstal\\.conda\\envs\\ml-agents-1.0\\Scripts\\mlagents-learn .\\trainer_config.yaml --run-id arcomage_01",
        "mlagents_version": "0.29.0",
        "mlagents_envs_version": "0.29.0",
        "communication_protocol_version": "1.5.0",
        "pytorch_version": "1.12.1+cpu",
        "numpy_version": "1.21.2",
        "end_time_seconds": "1666861754"
    },
    "total": 1927.593892,
    "count": 1,
    "self": 0.008371399999987261,
    "children": {
        "run_training.setup": {
            "total": 0.0898232000000001,
            "count": 1,
            "self": 0.0898232000000001
        },
        "TrainerController.start_learning": {
            "total": 1927.4956974000002,
            "count": 1,
            "self": 1.5962019000098735,
            "children": {
                "TrainerController._reset_env": {
                    "total": 11.964660499999999,
                    "count": 1,
                    "self": 11.964660499999999
                },
                "TrainerController.advance": {
                    "total": 1913.7985635999903,
                    "count": 77771,
                    "self": 1.6065969000019322,
                    "children": {
                        "env_step": {
                            "total": 1574.9066358999964,
                            "count": 77771,
                            "self": 1471.3229801000286,
                            "children": {
                                "SubprocessEnvManager._take_step": {
                                    "total": 102.52554139998023,
                                    "count": 77771,
                                    "self": 4.175176600006154,
                                    "children": {
                                        "TorchPolicy.evaluate": {
                                            "total": 98.35036479997407,
                                            "count": 77771,
                                            "self": 20.504526599980295,
                                            "children": {
                                                "TorchPolicy.sample_actions": {
                                                    "total": 77.84583819999378,
                                                    "count": 77771,
                                                    "self": 77.84583819999378
                                                }
                                            }
                                        }
                                    }
                                },
                                "workers": {
                                    "total": 1.058114399987561,
                                    "count": 77770,
                                    "self": 0.0,
                                    "children": {
                                        "worker_root": {
                                            "total": 1852.1332711999908,