{"count":1,"self":1107.9273472,"total":1916.4425096,"children":{"InitializeActuators":{"count":16,"self":0.0029908,"total":0.0029908,"children":null},"InitializeSensors":{"count":16,"self":0.0039894,"total":0.0039894,"children":null},"AgentSendState":{"count":1779934,"self":3.3343762,"total":25.1724468,"children":{"CollectObservations":{"count":280764,"self":1.0505928,"total":1.0505928,"children":null},"WriteActionMask":{"count":280764,"self":13.134867999999999,"total":13.1348677,"children":null},"RequestDecision":{"count":280764,"self":2.3827906,"total":7.6526100999999995,"children":{"AgentInfo.ToProto":{"count":280764,"self":2.3644444,"total":5.2698195,"children":{"GenerateSensorData":{"count":280764,"self":2.9053752,"total":2.9053752,"children":null}}}}}}},"DecideAction":{"count":1779934,"self":753.69057279999993,"total":753.6905802,"children":null},"AgentAct":{"count":1779934,"self":29.369318399999997,"total":29.571334,"children":{"AgentInfo.ToProto":{"count":9530,"self":0.07829549999999999,"total":0.20201519999999998,"children":{"GenerateSensorData":{"count":9530,"self":0.12371969999999999,"total":0.12371969999999999,"children":null}}}}},"AgentInfo.ToProto":{"count":2998,"self":0.0239511,"total":0.072796699999999992,"children":{"GenerateSensorData":{"count":2998,"self":0.048845599999999996,"total":0.048845599999999996,"children":null}}}},"gauges":{"AgainstPlayer.CumulativeReward":{"count":12528,"max":4.567094,"min":0,"runningAverage":0.8988311,"value":0.481280833,"weightedAverage":0.6813811}},"metadata":{"timer_format_version":"0.1.0","start_time_seconds":"1667382184","unity_version":"2021.3.6f1","command_line_arguments":"C:\\Program Files\\Unity\\Hub\\Editor\\2021.3.6f1\\Editor\\Unity.exe -projectpath D:\\UnityProject\\Arcomage -useHub -hubIPC -cloudEnvironment production -licensingIpc LicenseClient-basstal -hubSessionId e17bd8f0-46ad-11ed-ab18-7b90e5d7c24f -accessToken 7ITif_6CdPhLuMSNXDSFRzjWtQsfJWAzxF2Mn92qERU00ef","communication_protocol_version":"1.5.0","com.unity.ml-agents_version":"2.3.0-exp.2","scene_name":"LearningEnv","end_time_seconds":"1667384100"}}