{"count":1,"self":12481.2894208,"total":17940.3858883,"children":{"InitializeActuators":{"count":16,"self":0.0019847,"total":0.0019847,"children":null},"InitializeSensors":{"count":16,"self":0.003992,"total":0.003992,"children":null},"AgentSendState":{"count":11914901,"self":20.0691856,"total":262.1677128,"children":{"CollectObservations":{"count":1929609,"self":6.9116592,"total":6.9116594,"children":null},"WriteActionMask":{"count":1929609,"self":75.6934016,"total":75.6933988,"children":null},"RequestDecision":{"count":1929609,"self":15.809324799999999,"total":159.4934693,"children":{"AgentInfo.ToProto":{"count":1929609,"self":46.0709984,"total":143.68414429999999,"children":{"GenerateSensorData":{"count":1929609,"self":97.6131456,"total":97.6131473,"children":null}}}}}}},"DecideAction":{"count":11914901,"self":4962.3949311999995,"total":4962.3951007999995,"children":null},"AgentAct":{"count":11914901,"self":220.54476799999998,"total":234.1956918,"children":{"AgentInfo.ToProto":{"count":70858,"self":6.0999456,"total":13.650923299999999,"children":{"GenerateSensorData":{"count":70858,"self":7.5509775999999995,"total":7.5509778,"children":null}}}}},"AgentInfo.ToProto":{"count":15800,"self":0.1659465,"total":0.3319669,"children":{"GenerateSensorData":{"count":15800,"self":0.16602039999999998,"total":0.16602039999999998,"children":null}}}},"gauges":{"AgainstPlayer.CumulativeReward":{"count":86658,"max":5.38534832,"min":0,"runningAverage":0.8944204,"value":0.8777778,"weightedAverage":0.802135944}},"metadata":{"timer_format_version":"0.1.0","start_time_seconds":"1667448428","unity_version":"2021.3.6f1","command_line_arguments":"C:\\Program Files\\Unity\\Hub\\Editor\\2021.3.6f1\\Editor\\Unity.exe -projectpath D:\\UnityProject\\Arcomage -useHub -hubIPC -cloudEnvironment production -licensingIpc LicenseClient-basstal -hubSessionId e17bd8f0-46ad-11ed-ab18-7b90e5d7c24f -accessToken 7ITif_6CdPhLuMSNXDSFRzjWtQsfJWAzxF2Mn92qERU00ef","communication_protocol_version":"1.5.0","com.unity.ml-agents_version":"2.3.0-exp.2","scene_name":"LearningEnv","end_time_seconds":"1667466368"}}