{"count":1,"self":61823.3397248,"total":69873.705730599992,"children":{"InitializeActuators":{"count":16,"self":0.0019944,"total":0.0019944,"children":null},"InitializeSensors":{"count":16,"self":0.001003,"total":0.001003,"children":null},"AgentSendState":{"count":14546951,"self":27.171507199999997,"total":1475.9772623,"children":{"CollectObservations":{"count":2731397,"self":4.6069156,"total":4.6069156,"children":null},"WriteActionMask":{"count":2731397,"self":1213.0294784,"total":1213.0295156,"children":null},"RequestDecision":{"count":2731397,"self":19.350857599999998,"total":231.1693234,"children":{"AgentInfo.ToProto":{"count":2731397,"self":78.823187199999992,"total":211.81846539999998,"children":{"GenerateSensorData":{"count":2731397,"self":132.9952768,"total":132.99528039999998,"children":null}}}}}}},"DecideAction":{"count":14546951,"self":6265.0298367999994,"total":6265.0300340999993,"children":null},"AgentAct":{"count":14546951,"self":285.10161919999996,"total":290.7491732,"children":{"AgentInfo.ToProto":{"count":63922,"self":0.45460259999999997,"total":5.6475553,"children":{"GenerateSensorData":{"count":63922,"self":5.1929528,"total":5.1929527,"children":null}}}}},"AgentInfo.ToProto":{"count":64302,"self":11.0016392,"total":18.6083772,"children":{"GenerateSensorData":{"count":64302,"self":7.6067376,"total":7.6067377,"children":null}}}},"gauges":{"AgainstPlayer.CumulativeReward":{"count":128224,"max":1,"min":0,"runningAverage":0.250736982,"value":0,"weightedAverage":0.3618605}},"metadata":{"timer_format_version":"0.1.0","start_time_seconds":"1667198166","unity_version":"2021.3.6f1","command_line_arguments":"C:\\Program Files\\Unity\\Hub\\Editor\\2021.3.6f1\\Editor\\Unity.exe -projectpath D:\\UnityProject\\Arcomage -useHub -hubIPC -cloudEnvironment production -licensingIpc LicenseClient-basstal -hubSessionId e17bd8f0-46ad-11ed-ab18-7b90e5d7c24f -accessToken PionVVPQgQsgDeKOazJ56ONDagmnlB0c9rZxeI_vHfQ00ef","communication_protocol_version":"1.5.0","com.unity.ml-agents_version":"2.3.0-exp.2","scene_name":"LearningEnv","end_time_seconds":"1667268039"}}